timesteps,mean_return,std_return,success_rate,crash_rate,mean_length,metric_recovery_time
0.0,15.371794555997436,7.2494689665471945,1.0,0.0,30.0,3.036
250000.0,13.04397538166295,6.155735193640111,1.0,0.0,30.0,2.99
500000.0,10.292400508777643,5.794198758913935,1.0,0.0,30.0,3.5520000000000005
750000.0,7.229217353325043,5.613746381839145,0.9,0.0,30.0,3.4840000000000004
1000000.0,11.213986183552647,4.511278270386672,1.0,0.0,30.0,3.222
1250000.0,9.9359818346902,4.657352725957516,0.9,0.0,30.0,3.0919999999999996
1500000.0,8.023120038915975,5.507984178419859,0.9,0.0,30.0,3.4880000000000004
1750000.0,7.898085390595009,6.040762216613516,0.9,0.0,30.0,3.1900000000000004
2000000.0,10.130748053570532,4.350816061548994,0.9,0.0,30.0,3.3299999999999996
2250000.0,10.18053434330517,4.233765281034593,1.0,0.0,30.0,3.272
2500000.0,11.849263482996253,4.162560891049602,1.0,0.0,30.0,3.09
2750000.0,12.310753160562367,4.5350158190858645,1.0,0.0,30.0,3.2440000000000007
3000000.0,13.111037484155725,4.870205107296571,1.0,0.0,30.0,3.284
3250000.0,14.667235786423532,5.023413008861706,1.0,0.0,30.0,3.1959999999999997
3500000.0,15.418744249660572,4.68888627541483,1.0,0.0,30.0,2.9419999999999997
3750000.0,14.876750458207036,4.402562098060196,1.0,0.0,30.0,2.8859999999999997
4000000.0,15.566059277237926,4.36721898928567,1.0,0.0,30.0,2.8120000000000003
4250000.0,15.549634999409855,4.361217413649589,1.0,0.0,30.0,2.7539999999999996
4500000.0,16.17654884661868,4.3199625271751305,1.0,0.0,30.0,2.4899999999999998
4750000.0,16.080473916392247,4.209803270317036,1.0,0.0,30.0,2.256
5000000.0,16.65626950373799,4.232998079937094,1.0,0.0,30.0,2.254
5013504.0,16.619049819429456,4.221372248186746,1.0,0.0,30.0,2.2600000000000002
