timesteps,mean_return,std_return,success_rate,crash_rate,mean_length,metric_turn_rate_deg_s,metric_turn_rate_ratio,metric_max_altitude_error,metric_energy_deficit
0.0,159.09942513146703,18.540684214545355,0.9,0.0,60.0,12.197044461244044,0.9047278206542222,19.812023713035295,150.70057209906673
250000.0,158.02186287802607,17.00401077365831,0.9,0.0,60.0,12.261435331466242,0.9094649043274282,17.869339769233783,173.04895482135097
500000.0,159.45053284534222,14.704768218247693,0.9,0.0,60.0,12.300808358125954,0.9124527872832274,18.248617122297446,182.42292321039358
750000.0,169.6807821555616,19.799299528422644,0.9,0.0,60.0,12.33366221030656,0.9149976798119723,23.37578796047519,167.46694523987063
1000000.0,180.21448369474146,28.547453364489815,1.0,0.0,60.0,12.329379312503246,0.9157321064244629,24.36337130460538,148.20904871619496
1250000.0,197.45682911098183,45.42437038864632,1.0,0.0,60.0,12.28980107259461,0.9131330041914817,20.881001896400903,119.07547146122961
1500000.0,202.89476306670363,51.7322428657436,1.0,0.0,60.0,12.297004871721764,0.9137708054455398,28.535143851163365,97.66943930540556
1750000.0,205.00801304832711,55.45165612517039,1.0,0.0,60.0,12.303356653692031,0.9141712836443722,32.09232554144305,83.2185056693589
2000000.0,207.1037854988096,62.09756094283613,0.9,0.0,60.0,12.316773133371427,0.9149793575803254,36.12586105166965,69.90575658738825
2250000.0,209.55450753492386,59.711818929867064,0.9,0.0,60.0,12.334456054825129,0.9163392303773824,42.74424684402074,53.46140955462497
2500000.0,210.47506630857384,54.90089598054823,0.9,0.0,60.0,12.331602252285611,0.9160946920803102,46.916382684179005,35.55725550396428
2750000.0,209.27665064389356,55.279675088316566,0.9,0.0,60.0,12.34011239694428,0.9167164476855069,54.166844848475286,29.118923669438754
3000000.0,209.86460833811034,56.56649646848768,0.9,0.0,60.0,12.329211121721803,0.9161645633995453,63.33238832060306,26.09465828280645
3250000.0,210.73096194990072,50.49850827736421,0.9,0.0,60.0,12.317998958886847,0.9152184890388959,70.6985923383972,10.222448772637199
3500000.0,216.05495220424103,40.268888997536216,0.9,0.0,60.0,12.248129159163357,0.9109803102887278,82.9371612013163,-73.56670471290917
3750000.0,213.86507390654432,42.112820916388145,0.9,0.0,60.0,12.277028495951368,0.9127239352812259,83.8339297166132,-24.230374985376965
4000000.0,211.68325856832362,37.5412316713498,0.9,0.0,60.0,12.317949315331461,0.9149813876514337,79.56670368034038,25.071293755533134
4250000.0,216.05524129828194,32.680635337762574,0.9,0.0,60.0,12.29991471854505,0.9137796361066949,80.76021341101941,21.994278441259667
4500000.0,220.48961662273072,24.445400098726378,0.9,0.0,60.0,12.28546051268394,0.9126196204295809,71.34809044132025,8.094761002535687
4750000.0,223.40176680227168,22.680265289409622,1.0,0.0,60.0,12.250767706565776,0.9100864619234696,65.27432695737062,-8.381665707554566
5000000.0,225.1256726472909,27.552759138273203,1.0,0.0,60.0,12.183477248131723,0.9054447187087031,63.23240860859678,-21.16427584516341
5013504.0,224.68145461389304,28.357616097261477,1.0,0.0,60.0,12.175703546230308,0.9048452530699341,65.44056859029301,-26.632819081895104
