timesteps,mean_return,std_return,success_rate,crash_rate,mean_length,metric_progress,metric_completion_time,metric_exit_heading_error_deg,metric_exit_lateral_offset,metric_exit_altitude_change
0.0,-22.42459173974939,6.3569701700370755,0.0,0.0,45.0,0.04234178946359249,45.0,180.0,0.0,0.0
250000.0,55.086078290576005,3.0435379831768086,1.0,0.0,7.595000000000001,1.0,7.595000000000001,55.63925245534917,867.0196413008495,32.11035223722547
500000.0,56.03625490260082,2.663240538978778,1.0,0.0,5.6850000000000005,1.0,5.6850000000000005,57.314865798774385,623.4017631080476,33.84668749379671
750000.0,56.14241233739053,2.540921689264619,1.0,0.0,5.54,1.0,5.54,57.343062444598885,608.5596896700681,27.954850639644405
1000000.0,55.85838979505327,2.7931465128492357,1.0,0.0,5.410000000000001,1.0,5.410000000000001,57.427466581704664,595.9821711383863,23.728524077619248
1250000.0,56.08767317931997,2.4968214921786025,1.0,0.0,5.475,1.0,5.475,57.646034957185634,614.8384549726333,-5.312003965514668
1500000.0,56.250416889766974,2.356744181788552,1.0,0.0,5.425,1.0,5.425,58.228254058437585,604.0427225305076,13.349645298911696
1750000.0,56.33880035478306,2.3024953901597294,1.0,0.0,5.4449999999999985,1.0,5.4449999999999985,58.015450231363936,601.6527727798978,15.176683475792606
2000000.0,56.151849754879734,2.469663611040919,1.0,0.0,5.4,1.0,5.4,57.958999998921016,595.909005799664,16.348690424362463
2250000.0,56.329231981133,2.347350388806157,1.0,0.0,5.38,1.0,5.38,57.68139815502705,584.4709315558872,23.89987935624422
2500000.0,56.348322635897944,2.319262250011591,1.0,0.0,5.395,1.0,5.395,57.60616000033891,582.7322701997259,17.335904387273604
2750000.0,56.11047453115263,2.536600022029987,1.0,0.0,5.425000000000001,1.0,5.425000000000001,58.15339875412868,587.5847771342652,21.535111830038385
3000000.0,56.48277448483278,2.247409094536361,1.0,0.0,5.425,1.0,5.425,57.24058997159276,585.0554781952877,24.64873795310607
3250000.0,56.40732427555614,2.3519567799569185,1.0,0.0,5.405000000000001,1.0,5.405000000000001,56.995765865444966,574.4476702492624,25.562074258262896
3500000.0,56.43078814534749,2.34147625797271,1.0,0.0,5.405,1.0,5.405,56.335602634546795,575.0828864779689,24.360914102793412
3750000.0,56.41542119279261,2.3352403427233024,1.0,0.0,5.41,1.0,5.41,55.910039549914515,580.3873882116134,14.590998183959528
4000000.0,56.50100515284654,2.295051008840052,1.0,0.0,5.390000000000001,1.0,5.390000000000001,56.37141313653707,576.564143235077,12.49305102397077
4250000.0,56.43030979606482,2.349065227903016,1.0,0.0,5.465,1.0,5.465,56.22457144157247,590.7982470040548,3.1380183426494797
4500000.0,56.51043887983478,2.270545823196742,1.0,0.0,5.380000000000001,1.0,5.380000000000001,56.502212442128595,578.0034942791904,20.83574678812072
4750000.0,56.55845480080103,2.2440437328844025,1.0,0.0,5.385,1.0,5.385,55.743248820898124,576.0230001521475,24.705817545882745
5000000.0,56.498053277764846,2.296563439539465,1.0,0.0,5.405,1.0,5.405,55.79386588844992,581.4940923968247,16.083501819796062
5005312.0,56.389456784008985,2.3622650005888475,1.0,0.0,5.42,1.0,5.42,55.815374883979246,584.1216654996409,16.08000389061474
