timesteps,mean_return,std_return,success_rate,crash_rate,mean_length,metric_waypoints_reached,metric_completion_time
0.0,-83.66599181122152,1.4101086923040809,0.0,1.0,22.728,0.0,300.0
250000.0,-26.427202400771087,29.48179062417669,0.0,0.2,283.338,1.3,300.0
500000.0,2.7726725474998264,5.484800413234012,0.0,0.0,300.0,2.6,300.0
750000.0,0.33532889198984356,5.038320498463158,0.0,0.0,300.0,2.2,300.0
1000000.0,1.285114632463463,12.282436391286767,0.1,0.0,295.75,2.2,295.75
1250000.0,29.97220486558395,14.149941756380981,0.9,0.0,226.92,3.7,226.92
1500000.0,27.487117737786765,15.209135480140937,0.7,0.0,228.85,3.6,228.85
1750000.0,37.117659289785934,10.690581995690739,0.9,0.0,173.03,3.9,173.03
2000000.0,42.591084128435845,5.1106119056095896,1.0,0.0,134.60999999999996,4.0,134.60999999999996
2250000.0,43.95287466267233,3.6178522239430855,1.0,0.0,122.23999999999998,4.0,122.23999999999998
2500000.0,43.73851519984854,5.173896331275095,1.0,0.0,124.83,4.0,124.83
2750000.0,47.18669752324024,1.4831930676595642,1.0,0.0,91.49,4.0,91.49
3000000.0,47.519097844890965,1.4755817253208405,1.0,0.0,89.21000000000001,4.0,89.21000000000001
3250000.0,47.30105825073202,1.5623269512015545,1.0,0.0,91.33000000000001,4.0,91.33000000000001
3500000.0,40.95215206391854,21.926143072175044,0.9,0.0,105.6,3.6,105.6
3750000.0,48.29446163112152,1.4545695950022661,1.0,0.0,83.25,4.0,83.25
4000000.0,40.54696225879147,22.30915183786117,0.9,0.0,105.80999999999999,3.6,105.80999999999999
4250000.0,47.61646907589175,1.7116152307590236,1.0,0.0,89.53,4.0,89.53
4500000.0,48.27631716316465,1.305488813848894,1.0,0.0,82.91999999999999,4.0,82.91999999999999
4750000.0,46.59010131248655,2.2147353366754063,1.0,0.0,98.27000000000001,4.0,98.27000000000001
5000000.0,48.64252164463496,1.8311598977294221,1.0,0.0,78.85,4.0,78.85
5005312.0,48.62975055078382,1.797704332109001,1.0,0.0,79.14,4.0,79.14
