timesteps,mean_return,std_return,success_rate,crash_rate,mean_length,metric_altitude_overshoot,metric_heading_overshoot_deg,metric_settle_time
0.0,-434.2380323998241,196.60307841358528,0.0,0.0,90.0,9.739118623013429,0.0,90.0
100000.0,-414.8381434619632,184.48496409698214,0.0,0.0,90.0,8.05192499613695,0.0,90.0
200000.0,-372.95978091914515,186.46383895769776,0.0,0.0,90.0,0.0,0.0,90.0
300000.0,-371.0938682977767,161.13913231860428,0.0,0.0,90.0,16.813270686687293,0.0,90.0
400000.0,-333.44384638753684,156.0488853682468,0.0,0.0,90.0,30.679780832751884,0.0,90.0
500000.0,-255.1964192646929,91.64503039529495,0.0,0.0,90.0,117.73941504066734,0.0,90.0
600000.0,-181.53824561331243,92.4807746830494,0.0,0.0,90.0,62.833886564912426,0.0,90.0
700000.0,-135.6354428194607,98.1746933737302,0.1,0.0,90.0,43.557011239070974,0.0,87.39
800000.0,-108.45319037869629,84.72556272596952,0.1,0.0,90.0,28.84952103105643,0.0,87.59
900000.0,-70.03390812331551,87.20902461205709,0.2,0.0,90.0,29.592679153227163,0.6241859116826955,83.21000000000001
1000000.0,-49.16295127116961,74.88365023432299,0.1,0.0,90.0,48.40384604587466,0.5163110891494965,81.66
1100000.0,-37.5923986772481,58.66652952148495,0.0,0.0,90.0,24.9607045281934,2.659258324234825,90.0
1200000.0,-41.59174427310684,46.54544362688885,0.0,0.0,90.0,32.45687464593298,3.8630615646461606,90.0
1300000.0,-32.565704402283835,45.45098716684653,0.0,0.0,90.0,65.46329387893306,3.229908087747199,90.0
1400000.0,-43.9106475238173,37.286839932083055,0.0,0.0,90.0,92.10120500958438,4.027110280315666,89.72
1500000.0,-47.13054667770993,33.11966715563118,0.0,0.0,90.0,70.67838175393308,4.050449444934934,90.0
1600000.0,-30.009816788011516,23.130165850975402,0.0,0.0,90.0,145.84888164486992,10.208993846872946,90.0
1700000.0,-33.70803391708947,36.91144379803879,0.0,0.0,90.0,122.78654746478924,3.364235097490736,90.0
1800000.0,-4.561542200619624,56.40712145390001,0.2,0.0,90.0,80.55331692769683,1.9733046666557321,80.66
1900000.0,10.450579630219824,48.48906116073503,0.2,0.0,90.0,78.39643324129966,2.8450587239292258,75.78999999999999
2000000.0,-4.400894643126655,43.7486713989122,0.1,0.0,90.0,98.95977428283682,3.1725238299236747,81.66
2100000.0,-32.55339241230864,34.15131331969824,0.0,0.0,90.0,115.99608274721041,3.079525365359454,90.0
2200000.0,-8.264141743649812,54.026382027379924,0.1,0.0,90.0,92.91681444492178,5.1392260624607315,83.5
2300000.0,-15.10631547494847,57.15208020268784,0.2,0.0,90.0,143.2642664664942,5.448146296315241,83.22999999999999
2400000.0,-13.10553416487141,43.085186540789735,0.1,0.0,90.0,98.69602767732708,5.760734225717133,86.06
2500000.0,-19.874815926288022,28.095616653756764,0.0,0.0,90.0,97.24142009439511,5.6383303410251004,90.0
2600000.0,-10.834017899841966,37.531614540403304,0.1,0.0,90.0,57.53963442745626,4.143963010219748,86.22999999999999
2700000.0,-28.849961591854047,15.132765702415533,0.0,0.0,90.0,60.95698157467022,5.9450752013103925,90.0
2800000.0,-2.471170771894724,31.267584926063133,0.0,0.0,90.0,88.54078213715384,3.326173050030696,90.0
2900000.0,0.5176873917774529,51.06416681041783,0.1,0.0,90.0,67.3842163030412,3.161015797404055,84.06
3000000.0,-20.90355501098989,27.20455361154586,0.0,0.0,90.0,113.55855734570915,5.411006017932055,90.0
3006464.0,-21.508115299223515,26.526974944088654,0.0,0.0,90.0,100.54788111030875,6.341895455061155,90.0
